Region,Site,DecayClass,TreeSpecies,WoodType,mg CO2/g/d,Moisture Content (%),Density (g/cm3),TC %,TKN %,P mg/kg,K mg/kg,Ca mg/kg,Mg mg/kg,Mn mg/kg,C/N,N/P,Diameter
Northwest,1,1,Black spruce,softwood,0.33,35.33870204,0.418,49.54,0.0209,19.19,422.47,1429.46,143.1,71.82,2364.88,10.91686476,15.4
Northwest,1,1,Black spruce,softwood,0.46,36.69188446,0.458,49.07,0.0214,20.22,308.2,2141.74,245.64,88.87,2295.32,10.57440868,12.8
Northwest,1,1,Black spruce,softwood,0.31,46.42295597,0.48,49.37,0.022,19.67,340.93,1803.97,157.2,96.59,2245.19,11.17953904,14.85
Northwest,1,2,Black spruce,softwood,0.75,44.75721323,0.355,49.51,0.0408,27.96,335.33,1853.06,215.03,105.33,1214.77,14.57606639,7.75
Northwest,1,2,Black spruce,softwood,0.87,41.56791249,0.365,49.64,0.0234,21.08,74.3,1406.55,176.37,83,2125.01,11.07986817,11.05
Northwest,1,2,Black spruce,softwood,0.66,45.18072289,0.394,49.56,0.033,25.15,85.93,1486.96,152.77,70.81,1500.4,13.13040996,10.95
Northwest,1,3,Black spruce,softwood,0.92,79.19933966,0.206,52.24,0.1613,119.83,302.03,2732.47,227.08,167.28,323.8,13.46310748,11.25
Northwest,1,3,Black spruce,softwood,1.95,61.208577,0.309,50.53,0.0798,43.4,105.16,2100.85,165.21,175.65,632.89,18.39756298,9.7
Northwest,1,3,Black spruce,softwood,1.28,74.76244774,0.232,49.93,0.0959,76.67,407.47,3454.05,216.1,133.06,520.75,12.50559947,11.55
Northwest,1,4,Black spruce,softwood,0.4,77.00047916,0.176,52.17,0.1049,62.85,54.42,2148.67,193.52,160.78,497.17,16.69850476,17.75
Northwest,1,4,Black spruce,softwood,0.97,52.43741765,0.18,51.88,0.1318,75.1,320.03,2973.55,319.55,109.47,393.47,17.55769645,8.85
Northwest,1,4,Black spruce,softwood,0.57,60.51571313,0.063,50.03,0.1985,129.18,248,3220.9,335.35,359.11,252.09,15.36262482,12.25
Northwest,1,5,Black spruce,softwood,1.78,69.67095851,0.089,49.02,0.2322,110.18,808.56,5880.29,538.45,307.35,211.13,21.07305423,16.75
Northwest,1,5,Black spruce,softwood,0.59,32.36481033,0.201,52.36,0.0961,50.75,53.83,1861.55,238.99,152.75,544.75,18.93873937,9
Northwest,1,5,Black spruce,softwood,0.93,79.38718663,0.089,50.72,0.3021,185.92,488.63,2600.87,332.56,197.81,167.88,16.25102927,8.75
Northwest,1,1,Trembling aspen,hardwood,1.08,42.53424658,0.359,48.42,0.0311,22,533.49,2516.15,644.67,1,1556.69,14.13778926,16.9
Northwest,1,1,Trembling aspen,hardwood,0.84,58.26310004,0.399,49.66,0.0914,121.33,2968.29,3813.36,762.98,1,543.08,7.537106312,14.4
Northwest,1,1,Trembling aspen,hardwood,0.69,49.2,0.436,48.81,0.0811,60.77,3172.99,5261.31,1014.03,1,601.67,13.34914706,13.75
Northwest,1,2,Trembling aspen,hardwood,0.96,38.64118896,0.305,48.59,0.0669,106.66,965.2,5889.77,984.33,1,725.94,6.275556305,17.85
Northwest,1,2,Trembling aspen,hardwood,0.98,54.25219941,0.387,48.28,0.0354,21.59,772.21,2848.46,457.59,1,1363.49,16.40106152,18.8
Northwest,1,2,Trembling aspen,hardwood,0.84,62.55458515,0.258,48,0.1101,195.09,1286.99,3425.45,378.78,1,436.14,5.641035154,16
Northwest,1,3,Trembling aspen,hardwood,0.73,79.56128134,0.108,50.08,0.2579,146.7,355.54,6241.14,1035.81,48.48,194.21,17.57687925,8.4
Northwest,1,3,Trembling aspen,hardwood,0.86,72.34774067,0.197,49.76,0.1789,104.3,294.52,4654.77,569.98,0.99,278.13,17.15289148,9.65
Northwest,1,3,Trembling aspen,hardwood,0.73,55.53745928,0.198,47.36,0.1088,69.11,803.98,1227.35,223.69,0.94,435.27,15.74435877,14.65
Northwest,1,4,Trembling aspen,hardwood,0.53,56.6590389,0.366,50.31,0.2425,91.61,288.53,5964.27,569.58,21.55,207.44,26.4720966,8
Northwest,1,4,Trembling aspen,hardwood,0.99,78.09204219,0.172,47.62,0.436,249.64,510.01,7659.71,619.06,61.48,109.2,17.46674025,13.15
Northwest,1,4,Trembling aspen,hardwood,0.38,66.8303095,0.143,48.29,0.3523,275.6,435.84,11995.29,1148.23,11.7,137.06,12.78258043,8.3
Northwest,1,5,Trembling aspen,hardwood,1.12,86.53631285,0.1,49.64,0.1798,111.13,208.26,9519.5,860,5.03,275.99,16.18360914,11.5
Northwest,2,1,Black spruce,softwood,0.51,86.17276545,0.395,49.63,0.0279,37.17,458.86,2212.09,190.11,177.01,1781.09,7.495546486,15.4
Northwest,2,1,Black spruce,softwood,0.24,87.6702509,0.366,49.49,0.0376,47.13,503.03,2403.76,328.59,161.65,1315.92,7.980122062,15.4
Northwest,2,1,Black spruce,softwood,0.36,51.22540559,0.398,49.34,0.0272,33.91,477.4,1937.97,213.36,175.46,1812.34,8.027984862,13.6
Northwest,2,2,Black spruce,softwood,0.21,39.82999393,0.493,50.5,0.0528,44.96,468.02,1868.03,173.51,220.55,955.82,11.75000004,10.2
Northwest,2,2,Black spruce,softwood,0.5,43.70883882,0.386,50.44,0.0372,32.32,815.34,1899.1,201.14,185.4,1355.75,11.51231303,12
Northwest,2,2,Black spruce,softwood,1.09,27.83346184,0.409,49.39,0.0183,17.49,218.25,1786.19,152.74,196.06,2703.21,10.44658918,13.2
Northwest,2,3,Black spruce,softwood,0.78,27.61087268,0.261,48.65,0.0376,26.97,48.19,1569.62,202.19,138.91,1293.35,13.94535274,12.65
Northwest,2,3,Black spruce,softwood,0.43,28.06682578,0.239,50.18,0.0899,66.95,470.2,2695.31,418.46,199.76,558.31,13.42526335,13.65
Northwest,2,3,Black spruce,softwood,2.21,69.44600939,0.213,48.99,0.0556,42.31,72.73,1872.58,330.81,309.07,880.45,13.15022295,10.3
Northwest,2,4,Black spruce,softwood,0.75,70.81362346,0.178,49.25,0.1607,91.65,108.99,3305.08,293.28,342.34,306.53,17.52928888,9.45
Northwest,2,4,Black spruce,softwood,0.9,50.47887324,0.12,45.66,0.1306,76.07,944.67,2579.02,228.44,318.1,349.73,17.16149011,13.35
Northwest,2,5,Black spruce,softwood,1.52,61.95039459,0,51.49,0.2213,140.5,2289.81,4789.28,882.08,481.76,232.67,15.7523507,20.95
Northwest,2,5,Black spruce,softwood,0.64,80.8040201,0.125,52.91,0.136,84.47,324.63,1715.25,286.94,75.28,388.92,16.10539323,9.15
Northwest,2,5,Jack pine,softwood,0.78,76.56662665,0.136,49.5,0.1516,97.08,227.64,2331.6,382.31,114.71,326.4,15.62003268,9
Northwest,2,1,Trembling aspen,hardwood,0.28,72.18208092,0.434,49.68,0.067,46.68,668.27,7492.27,1024.95,8.81,741.95,14.3451311,10
Northwest,2,1,Trembling aspen,hardwood,0.89,83.63780778,0.342,46.29,0.1042,39.88,5607.25,5787,1191.73,40.08,444.12,26.13745962,9.75
Northwest,2,1,Trembling aspen,hardwood,0.75,57.01112878,0.458,49.43,0.0794,54.66,787.4,5557.25,780.67,5.1,622.52,14.52797804,9.35
Northwest,2,2,Trembling aspen,hardwood,1.2,47.7553034,0.304,49.47,0.1009,39.8,159.6,4417.64,697.11,41.46,490.44,25.34458379,9
Northwest,2,2,Trembling aspen,hardwood,0.9,58.12558326,0.286,49.35,0.0522,29.11,2295.86,2465.86,1108.46,6.58,945.46,17.9297523,8.9
Northwest,2,2,Trembling aspen,hardwood,0.53,50.78431373,0.209,48.32,0.0921,36.72,593.19,5584.17,1050.36,33.96,524.88,25.07520638,8.2
Northwest,2,3,Trembling aspen,hardwood,0.81,37.85796105,0.357,49.54,0.1403,80.35,1746.38,4834.89,743.99,13.51,353.24,17.4554479,10.35
Northwest,2,3,Trembling aspen,hardwood,2,54.79452055,0.22,49.61,0.1098,67.44,1104.88,5547.33,1060.1,1,451.68,16.28616975,9.25
Northwest,2,3,Trembling aspen,hardwood,1.31,72.27059612,0.197,47.84,0.1359,104.63,915.95,7983.84,1549.62,66.4,351.91,12.99272143,10.1
Northwest,2,4,Trembling aspen,hardwood,0.12,79.93465832,0.101,45.7,0.1917,176.1,918.47,16316.23,1432.06,84.34,238.41,10.88403085,10.75
Northwest,2,4,Trembling aspen,hardwood,0.94,60.36191297,0.133,47.74,0.2652,192.3,534.36,6828.47,871.33,61.87,180.02,13.79011088,10.25
Northwest,2,4,Trembling aspen,hardwood,0.27,87.72760379,0.132,22.92,0.2125,142.95,345.17,4840.41,634.63,59.55,107.9,14.86245021,11.25
Northwest,2,5,Trembling aspen,hardwood,0.99,84.50660928,0.079,37.45,0.3464,240.21,292.8,6368.93,576.62,82.22,108.12,14.41882334,10.9
Northwest,2,5,Trembling aspen,hardwood,1.2,83.22517846,0.08,51.62,0.2531,238.48,695.95,11565.71,1771.04,104.67,203.95,10.61392745,10.5
Northwest,2,5,Trembling aspen,hardwood,1.56,70.67488866,0.087,43.56,0.2039,158.25,2040.88,10178.04,1635.9,79.95,213.59,12.88741892,8.25
Northwest,2,5,Trembling aspen,hardwood,0.48,90.94636146,0.189,48.97,0.1599,144.59,892.49,5956.51,745.98,45.4,306.26,11.05857976,12.75
Northwest,2,5,Trembling aspen,hardwood,0.65,85.51181102,0.157,49.09,0.1298,84.82,1967.71,7438.8,1078.9,59.39,378.29,15.30031627,10
Northwest,3,1,Black spruce,softwood,0.4,34.1110746,0.443,49.24,0.0306,33.88,330.41,2376.48,270.61,150.95,1609.41,9.031573833,10.3
Northwest,3,1,Black spruce,softwood,0.54,39,0.5,49.12,0.045,39.89,379.55,2513.9,248.23,147.85,1092.23,11.27529199,9.7
Northwest,3,1,Black spruce,softwood,0.66,44.69103568,0.434,49.33,0.0354,49.32,437.29,2067.24,173,153.72,1392.03,7.185525834,8.95
Northwest,3,2,Jack pine,softwood,0.41,63.08296514,0.37,50.75,0.0107,10,55.43,1561.72,275.75,44.76,4758.03,10.66704732,13.05
Northwest,3,2,Jack pine,softwood,0.42,64.98964191,0.313,50.32,0.0352,19.49,66.23,1331.32,284.41,64.01,1427.96,18.08191212,11.6
Northwest,3,2,Jack pine,softwood,0.26,62.91270918,0.386,50,0.0164,14.76,57.69,1014.71,174.65,4.64,3041.13,11.13985551,9.25
Northwest,3,3,Jack pine,softwood,0.58,56.84468999,0.404,49.89,0.0391,10,50,900.61,227.88,13.25,1274.86,39.13160953,8.8
Northwest,3,3,Black spruce,softwood,0.98,68.73527101,0.226,48.13,0.099,56.64,50,1954.67,320.29,370.97,486.35,17.47357828,8.3
Northwest,3,3,Jack pine,softwood,0.5,34.92695883,0.326,50.17,0.0846,30.27,92.22,1163.94,290.19,72.33,593.16,27.9412427,8.5
Northwest,3,4,Black spruce,softwood,0.42,75.50455085,0.155,50.64,0.1306,70.32,193.69,2817.49,215.8,177.73,387.6,18.57976651,16.7
Northwest,3,4,Black spruce,softwood,0.34,69.40032415,0.202,51.02,0.168,121.47,63.6,2900.52,259.95,207.48,303.71,13.82888303,13.95
Northwest,3,4,Black spruce,softwood,0.72,77.8879524,0.144,52.18,0.1539,91.36,49.65,2843.9,244.05,201.81,339.06,16.84636204,11.25
Northwest,3,5,Jack pine,softwood,1.26,64.70588235,0.197,45.38,0.1123,45.91,44.72,910.15,148.69,39.56,403.91,24.47188427,12.75
Northwest,3,5,Jack pine,softwood,0.78,63.78113516,0.152,51.67,0.1095,72.3,48.97,1241.2,205.48,60.49,471.74,15.15003251,12.65
Northwest,3,5,Black spruce,softwood,0.88,82.57464513,0.098,43.79,0.2279,132.37,406.25,2223.74,210.05,137.69,192.16,17.21387059,14.9
Northwest,3,1,Trembling aspen,hardwood,0.72,61.20996441,0.393,48.98,0.0795,57.53,1077.16,6708.28,586.31,48.74,616.3,13.81623533,12.05
Northwest,3,1,Trembling aspen,hardwood,1.01,65.4109589,0.359,48.93,0.0871,88.95,1384.9,3373.74,425.99,18.45,561.61,9.795425385,10.85
Northwest,3,1,Trembling aspen,hardwood,0.65,61.99712644,0.38,48.63,0.0694,66.19,2680.65,8512.37,1290.37,85.26,700.5,10.48855662,9.95
Northwest,3,2,Trembling aspen,hardwood,0.8,49.3614304,0.32,47.8,0.0751,33.93,817.68,10310.37,834.37,1,636.1,22.14926507,10.25
Northwest,3,2,Trembling aspen,hardwood,0.58,40.93406593,0.312,47.56,0.0998,51.44,869,10951.54,759.41,1,476.66,19.39901044,10.75
Northwest,3,2,Trembling aspen,hardwood,0.6,44.98765432,0.292,44.37,0.071,10,2359.76,20637.1,2939.11,193.74,624.63,71.0309,9.4
Northwest,3,3,Trembling aspen,hardwood,1.44,81.05960265,0.202,47.97,0.0889,77.01,828.45,3556.3,526.04,13.57,539.56,11.54377691,11
Northwest,3,3,Trembling aspen,hardwood,1.13,83.36058872,0.261,47.66,0.0671,34.51,800.85,3158.37,561.73,0.99,709.79,19.45786056,10.05
Northwest,3,3,Trembling aspen,hardwood,1,57.90258449,0.37,48.17,0.0427,21.99,710.02,3948.69,540.38,4.67,1127.72,19.42123696,9.6
Northwest,3,4,Trembling aspen,hardwood,0.74,82.81192492,0.073,50.04,0.2051,127.58,1143.84,8163.77,920.44,1,243.96,16.07810045,12.1
Northwest,3,4,Trembling aspen,hardwood,1.13,86.59081674,0.076,49.13,0.2806,232.31,2248.77,4684.32,833.81,42.54,175.06,12.08013238,11.6
Northwest,3,4,Trembling aspen,hardwood,1.17,86.63303909,0.129,49.87,0.2081,148.23,487.6,4602.41,591.41,27.08,239.61,14.04099066,9.5
Northwest,3,5,Trembling aspen,hardwood,1.79,90.58456046,0.094,50.08,0.3417,232.11,418.96,5814.74,573.58,107.5,146.58,14.71920612,8.4
Northwest,3,5,Trembling aspen,hardwood,1.3,85.92213921,0.153,48.78,0.2247,185.16,889.5,10120.56,715.75,60.45,217.1,12.13520889,11.25
Northwest,3,5,Trembling aspen,hardwood,1.06,83.81474104,0.086,44.34,0.3739,230.43,306.17,3134.56,291.19,50.59,118.59,16.22734449,12
Northeast,1,1,Jack pine,softwood,0.31,53.69586454,0.471,50.29,0.0258,27.96,441.71,1557.79,226.4,90.53,1945.89,9.24435638,10.6
Northeast,1,1,Jack pine,softwood,0.23,50,0.478,49.76,0.031,87.95,216.6,1048.65,152.42,88.85,1606.16,3.522813375,10.05
Northeast,1,1,Jack pine,softwood,0.38,56.75398048,0.438,50.35,0.0265,20.16,272.8,1018.1,224.54,101.2,1899.01,13.15186751,9.6
Northeast,1,2,Jack pine,softwood,0.28,51.25707102,0.348,49.52,0.0278,23.23,89.43,1238.84,177.32,75.78,1780.51,11.97335434,15.75
Northeast,1,2,Jack pine,softwood,0.4,71.49046794,0.308,49.58,0.039,29.59,150.95,895.78,314.49,81.72,1272.62,13.16567556,12.35
Northeast,1,2,Jack pine,softwood,0.29,69.45230136,0.309,49.73,0.0338,107.95,51.93,1153.73,203.22,97.89,1471.56,3.130614572,13.75
Northeast,1,3,Jack pine,softwood,0.73,58.56079404,0.302,50.05,0.0799,52.88,181.3,1468.14,246.55,86.58,626.54,15.10475347,9.7
Northeast,1,3,Jack pine,softwood,1.28,73.63304982,0.242,48.92,0.0935,145.94,165.48,1467.81,276.92,111.22,523.15,6.407311902,8.9
Northeast,1,3,Jack pine,softwood,0.99,61.91709845,0.325,49.88,0.0288,10,269.43,707.67,162.54,48.11,1732.11,28.79713347,11.75
Northeast,1,4,Jack pine,softwood,1.09,72.4361949,0.205,52.52,0.1136,39.99,180.8,1445.09,255.28,106.21,462.33,28.40947443,9.8
Northeast,1,4,Jack pine,softwood,0.96,57.9658606,0.075,49.19,0.2552,151.38,363.04,4015.19,768.62,416.53,192.76,16.8573537,10.8
Northeast,1,4,Jack pine,softwood,0.64,79.17077986,0.083,48.66,0.1595,72.53,615.19,2697.69,564.62,409.29,305.03,21.99337397,9.35
Northeast,1,5,Jack pine,softwood,1.54,87.63094279,0.15,50.11,0.143,104.59,258.17,828.01,170.17,52.2,350.53,13.66837501,9.35
Northeast,1,5,Jack pine,softwood,1.59,92.58046918,0.179,49.85,0.1037,225.06,181.2,1111.73,289.21,73.86,480.89,4.605824281,11.7
Northeast,1,5,Jack pine,softwood,0.59,74.45721584,0.147,51.92,0.1403,96.18,228.5,1323.07,189.35,38.21,370.01,14.5898041,19.25
Northeast,1,1,Trembling aspen,hardwood,0.63,65.12105047,0.355,48.72,0.0784,152.92,1630.74,4471.51,504.28,9.58,621.17,5.128894765,11.05
Northeast,1,1,Trembling aspen,hardwood,0.79,54.74452555,0.387,48.06,0.0704,136.71,1204.97,4735.68,511.73,16.21,683.05,5.146820124,9.35
Northeast,1,1,Trembling aspen,hardwood,0.53,53.67365004,0.397,48.12,0.0585,47.97,1188.58,4437.84,569.02,14.57,822.37,12.19654228,9.1
Northeast,1,2,Trembling aspen,hardwood,0.37,48.85592155,0.426,47.16,0.0387,39.03,3654.11,4825.35,475.96,8.78,1217.63,9.924345707,11.75
Northeast,1,2,Trembling aspen,hardwood,0.47,54.09615901,0.422,46.97,0.0516,45.1,1755.74,10388.51,1052.53,66.35,909.67,11.44982526,11.05
Northeast,1,2,Trembling aspen,hardwood,0.27,47.26237407,0.47,48.5,0.0795,68.85,1965.12,4414.34,517.52,12.1,609.66,11.55301793,9.95
Northeast,1,3,Trembling aspen,hardwood,0.59,62.49010815,0.372,46.45,0.0248,13.32,936.37,5982.4,815.73,0.99,1872.48,18.61930957,8.9
Northeast,1,3,Trembling aspen,hardwood,0.46,56.56811948,0.374,48.72,0.0829,39.72,239.78,2175.12,252.07,4.87,587.34,20.88146791,8.6
Northeast,1,3,Trembling aspen,hardwood,0.54,74.86648865,0.304,45.32,0.0239,18.08,402.14,3763.02,502.95,0.95,1893.31,13.236429,8.9
Northeast,1,4,Trembling aspen,hardwood,0.59,67.8638351,0.128,48.81,0.2344,276.73,1524.77,11792.66,832.47,54.67,208.23,8.470036173,9.3
Northeast,1,4,Trembling aspen,hardwood,0.97,66.28242075,0.303,47.89,0.1575,164.58,893.58,4395.96,294.32,21.55,304.04,9.57086256,9.25
Northeast,1,4,Trembling aspen,hardwood,1.11,91.23839009,0.102,50.14,0.5245,531.47,872.34,12828.39,1095.99,81.65,95.59,9.869126024,9.75
Northeast,1,5,Trembling aspen,hardwood,2.62,86.00777346,0.093,42.4,0.2672,227,513.62,4308.88,419.26,56.01,158.69,11.770775,6.95
Northeast,1,5,Trembling aspen,hardwood,0.52,84.45364766,0.076,43.56,0.4253,351.09,1514.82,16520.3,1600.67,343.4,102.42,12.11371226,10
Northeast,1,5,Trembling aspen,hardwood,1.99,91.43187958,0.095,44.27,0.3396,257.38,294.23,10909.64,389.08,114.66,130.34,13.19461475,8.3
Northeast,2,1,Jack pine,softwood,0.74,60.68859198,0.242,49.36,0.0525,16.34,58.71,1261.8,296.74,76.37,939.66,32.15355026,13.75
Northeast,2,1,Jack pine,softwood,1.04,68.52146264,0.383,54.33,0.0186,15.46,111.07,468.21,25.93,6.06,2921.84,12.03039861,15.45
Northeast,2,1,Jack pine,softwood,0.54,43.02374011,0.371,50.99,0.0186,16.31,219.57,746.17,124.29,6.1,2739.02,11.41156275,14.7
Northeast,2,2,Jack pine,softwood,1.16,56.98138298,0.332,51.49,0.0446,23.15,77.5,1114.76,154.74,9.26,1154.1,19.26847859,13.25
Northeast,2,2,Jack pine,softwood,0.75,61.30518234,0.334,50.24,0.0338,17.56,78.92,658.43,121.27,5.7,1488.67,19.21998412,10
Northeast,2,2,Jack pine,softwood,0.33,55.9391457,0.359,49.39,0.0201,11,52.61,637.58,147.07,46.13,2455.92,18.28356824,11.05
Northeast,2,3,Jack pine,softwood,0.7,45.7698371,0.245,50.84,0.0614,41.98,182.64,853.22,236.99,31.42,827.58,14.63353058,12.6
Northeast,2,3,Jack pine,softwood,0.05,74.72118959,0.132,45.47,0.1289,63.54,649.21,1766.42,459.21,172.26,352.86,20.27825579,13.35
Northeast,2,3,Jack pine,softwood,0.53,60.92564492,0.16,46.53,0.1034,51.9,820.94,2128.81,448.78,104.28,450.07,19.92019711,10.75
Northeast,2,4,Jack pine,softwood,0.4,61.25031638,0.293,50.13,0.0563,29.96,74.74,1226.87,171.41,41.31,889.84,18.79980225,11.9
Northeast,2,4,Jack pine,softwood,0.45,79.70135324,0.191,51.13,0.0891,65.43,367.14,1700.29,502.71,107.24,573.61,13.62286806,11.75
Northeast,2,4,Jack pine,softwood,0.56,71.56094084,0.296,52.29,0.0948,70.69,62.96,1493.84,310.84,74.96,551.53,13.41055478,10.8
Northeast,2,5,Jack pine,softwood,0.44,86.20833333,0.11,49.45,0.2092,136.92,380.73,2475.61,249.44,0.99,236.34,15.27988254,16.85
Northeast,2,5,Jack pine,softwood,1.2,91.07901444,0.104,49.06,0.285,174.96,455.52,4110.74,275.34,6.03,172.16,16.28901503,18.2
Northeast,2,5,Jack pine,softwood,1.32,89.543058,0.109,49.87,0.386,272.16,506.88,6058.32,381.91,0.98,129.2,14.18172121,16.15
Northeast,2,1,Trembling aspen,hardwood,0.49,72.09381373,0.363,47.93,0.0898,37.7,1208.05,9209.64,560.28,3.31,533.55,23.82822394,11.45
Northeast,2,1,Trembling aspen,hardwood,0.71,55.32367973,0.331,46.97,0.0639,43.35,1282.7,8450.13,775.79,3.18,735.4,14.73598065,10.5
Northeast,2,1,Trembling aspen,hardwood,0.82,56.47961243,0.357,48.45,0.0573,37.51,982.25,5338.64,372.86,3.34,845.05,15.28499044,9.65
Northeast,2,2,Trembling aspen,hardwood,0.47,74.11981083,0.241,48.28,0.095,56.85,307.7,6291.7,348.53,6.19,508.21,16.71190323,10.85
Northeast,2,2,Trembling aspen,hardwood,0.62,74.92524562,0.258,49.2,0.1276,73.12,393.88,5614.84,407.68,9.09,385.63,17.45106676,9.2
Northeast,2,2,Trembling aspen,hardwood,0.29,49.81696156,0.369,49.01,0.0815,36.7,875.26,4506.34,365.06,3,601.18,22.21184931,9.4
Northeast,2,3,Trembling aspen,hardwood,0.61,79.64636542,0.168,47.05,0.1632,65.23,478.06,4344.72,486.21,1.59,288.26,25.02527328,9.4
Northeast,2,3,Trembling aspen,hardwood,1.13,83.58793576,0.185,45.33,0.1092,108.16,811.98,4390.85,603.01,0.95,415.21,10.09334877,14.8
Northeast,2,3,Trembling aspen,hardwood,2.65,87.10801394,0.131,45.37,0.117,70.8,454.64,7046.07,652.38,3.58,387.88,16.52216787,14.1
Northeast,2,4,Trembling aspen,hardwood,0.6,43.74158816,0.168,47.91,0.1649,100.31,2716.41,8370,1204.56,5.62,290.48,16.44353516,10.15
Northeast,2,4,Trembling aspen,hardwood,0.74,88.84381339,0.071,50.18,0.3869,325.99,420.12,7364.2,1062.74,1,129.68,11.86846037,8.1
Northeast,2,4,Trembling aspen,hardwood,0.9,82.99957392,0.222,51.5,0.1782,94,2217.42,4787.52,512.02,5.15,288.93,18.96044604,13.2
Northeast,2,5,Trembling aspen,hardwood,0.91,88.802589,0.069,48.11,0.3139,245.63,406.76,8750.41,433.15,5.59,153.3,12.77806164,9
Northeast,2,5,Trembling aspen,hardwood,0.98,80.4004215,0.148,50.24,0.2918,185.23,455.22,9225.02,536.93,23.31,172.18,15.75208096,9.45
Northeast,2,5,Trembling aspen,hardwood,2.19,88.15943728,0.076,47.5,0.4125,233.1,331.43,2973.15,369.26,0.93,115.16,17.69477146,13.15
Northeast,3,1,Jack pine,softwood,0.44,47.55509642,0.474,52.28,0.0491,29.05,159.91,1667.04,161.23,61.14,1064.04,16.9125565,11
Northeast,3,1,Jack pine,softwood,0.25,59.16856492,0.411,51.22,0.0267,24.17,85.67,1301.71,148.22,59.79,1916.7,11.05737131,9.5
Northeast,3,1,Jack pine,softwood,0.19,57.69556622,0.432,51.14,0.0426,21.17,73.44,1249.15,174.04,65.27,1199.44,20.13676154,8.75
Northeast,3,2,Jack pine,softwood,0.42,53.93617021,0.499,50.71,0.0421,18.29,234.97,1055.74,205.18,73.57,1204.55,23.01963258,10.3
Northeast,3,2,Jack pine,softwood,0.52,54.40340909,0.439,53.26,0.0454,20.76,66.04,1061.32,191.4,70.26,1172.86,21.87180553,10
Northeast,3,2,Jack pine,softwood,0.93,42.18106996,0.44,49.97,0.025,10,50,1036.8,272.32,64.57,1996.04,25.0352,7.65
Northeast,3,3,Jack pine,softwood,0.84,72.6655348,0.298,51.3,0.0614,21.61,189.3,1300.84,177.54,1,834.94,28.42765325,6.35
Northeast,3,3,Jack pine,softwood,0.6,77.61868877,0.306,51.08,0.0331,26.91,57.06,1213.86,190.28,65.6,1542.13,12.31086485,7.8
Northeast,3,3,Jack pine,softwood,0.67,69.46169772,0.26,50.55,0.0195,19.18,81.23,900.44,175.56,67.15,2598.34,10.14245569,7.4
Northeast,3,4,Jack pine,softwood,0.25,80.90781469,0.117,48.1,0.1591,108.46,256.4,1618.65,247.9,51.94,302.38,14.66636075,11
Northeast,3,4,Jack pine,softwood,0.92,71.24352332,0.272,50.53,0.0767,58.52,157.76,1196.7,240.31,75.74,659.04,13.10219043,10.45
Northeast,3,4,Jack pine,softwood,0.41,76.08271557,0.16,52.49,0.0753,63.38,385.22,1135.85,199.97,81.45,696.7,11.88853815,9.3
Northeast,3,5,Jack pine,softwood,0.54,79.03145282,0.337,41.81,0.1229,89.15,145.33,2013.16,183.16,30.42,340.28,13.78303314,7.75
Northeast,3,5,Jack pine,softwood,0.26,63.59148411,0.211,52.66,0.1231,89.43,259.39,1435.21,161.14,62.9,427.86,13.76299924,7.25
Northeast,3,5,Jack pine,softwood,0.48,84.79012346,0.218,51.94,0.0819,74.62,56.14,805.82,127.38,40.73,633.85,10.98203397,8.75
Northeast,3,1,Trembling aspen,hardwood,0.2,51.17381004,0.351,48.86,0.0467,36.38,939.95,4793.13,717.17,4.63,1046.9,12.82905225,12.55
Northeast,3,1,Trembling aspen,hardwood,0.32,56.8680182,0.364,48.82,0.0493,41.85,855.41,6018.32,719.1,5.75,989.85,11.78640722,11.5
Northeast,3,1,Trembling aspen,hardwood,0.49,64.58694396,0.362,49.41,0.0968,55.94,865.26,3742.01,521.43,9.72,510.6,17.29835189,10.6
Northeast,3,2,Trembling aspen,hardwood,0.7,77.49572162,0.351,48.82,0.105,69.55,261.37,4213.48,441.77,3.44,464.82,15.10101194,13.45
Northeast,3,2,Trembling aspen,hardwood,0.9,60.41284404,0.268,47.87,0.0682,25.18,493.03,1999.68,320.05,2.95,701.84,27.08715118,12.55
Northeast,3,2,Trembling aspen,hardwood,0.57,66.17360841,0.361,48.92,0.0356,21.79,313.57,1396.38,317.72,1,1374.38,16.33234364,11.4
Northeast,3,3,Trembling aspen,hardwood,0.75,78.42688049,0.123,49.75,0.2526,131.83,1342.75,6547.93,1071.85,62.83,196.9,19.16506734,9.6
Northeast,3,3,Trembling aspen,hardwood,0.92,85.61349693,0.23,48.34,0.1034,54.24,1490.97,5734.15,1204.7,64.91,467.52,19.06401352,10.2
Northeast,3,3,Trembling aspen,hardwood,0.75,90.2635105,0.163,49.1,0.1318,66.45,290.57,4527.06,650.69,21.46,372.63,19.83008738,8.6
Northeast,3,4,Trembling aspen,hardwood,1.13,88.57770456,0.124,48.05,0.2156,184.6,1252.79,6912.53,784.37,60.34,222.84,11.6808108,11.05
Northeast,3,4,Trembling aspen,hardwood,1.83,81.14224138,0.22,45.84,0.1478,79.68,332.17,2207.4,361.88,7.16,310.26,18.54471566,8.9
Northeast,3,4,Trembling aspen,hardwood,0.82,70.27972028,0.173,48.68,0.0643,33.24,318.49,2348.1,428.3,1,757.27,19.33903802,10.2
Northeast,3,5,Trembling aspen,hardwood,0.81,79.05154639,0.135,48.39,0.3355,230.04,297.15,3123.85,600.77,182.38,144.21,14.58611289,10.2
Northeast,3,5,Trembling aspen,hardwood,0.7,80.17241379,0.183,48.77,0.2688,252.75,642.16,1739.52,412.05,107.29,181.42,10.63520519,9.3
Northeast,3,5,Trembling aspen,hardwood,2.67,89.14764788,0.082,38.36,0.4555,381.05,503.29,3717.1,467.71,76.35,84.22,11.95352801,11.7